PC,Proportion.Variance.Explained
1,0.05998283757599318
2,0.04496714867346566
3,0.04437015861415727
4,0.0424716157559526
5,0.041885082704049295
6,0.04166097238227651
7,0.0413192170947704
8,0.040942293014129875
9,0.0407183562408642
10,0.04066660511507919
