PC,Proportion.Variance.Explained
1,0.7080411193015147
2,0.30620354035114344
3,0.016058370650372154
