{
    "gene_transcript_count_weighted_gc_content":{
        "ENSG00000142149":0.5190104166666667,
        "ENSG00000142166":0.42586984861078686,
        "ENSG00000142168":0.48834440304838167,
        "ENSG00000142188":0.4010912120972059,
        "ENSG00000142192":0.5002782038163119,
        "ENSG00000142207":0.528319180010429,
        "ENSG00000154639":0.41236365342862735,
        "ENSG00000154640":0.4784112992739881,
        "ENSG00000154642":0.3970664048334827,
        "ENSG00000154645":0.40850888062783974,
        "ENSG00000154719":0.42396342025929146,
        "ENSG00000154721":0.46529932464863166,
        "ENSG00000154723":0.45471757189384227,
        "ENSG00000154727":0.36471365663837263,
        "ENSG00000155304":0.40243877509301335,
        "ENSG00000155307":0.36872628742924324,
        "ENSG00000155313":0.417918117489923,
        "ENSG00000156239":0.45174535435961216,
        "ENSG00000156253":0.433165062175002,
        "ENSG00000156256":0.3853957945199869,
        "ENSG00000156261":0.4205305485336406,
        "ENSG00000156265":0.45960065671161404,
        "ENSG00000156273":0.4123363478451451,
        "ENSG00000156299":0.49604576127303557,
        "ENSG00000156304":0.5049432653300339,
        "ENSG00000159055":0.4395308709622986,
        "ENSG00000159079":0.5165819431702325,
        "ENSG00000159082":0.4236270777350245,
        "ENSG00000159086":0.4365128945364348,
        "ENSG00000159110":0.49033930307864954,
        "ENSG00000159128":0.5337360921137361,
        "ENSG00000159131":0.48311174961816855,
        "ENSG00000159140":0.46200296443090105,
        "ENSG00000159147":0.46148037785073004,
        "ENSG00000166265":0.41532424774120685,
        "ENSG00000166979":0.5803289353012593,
        "ENSG00000177692":0.40400920712613825,
        "ENSG00000180530":0.3944811221151681,
        "ENSG00000184221":0.6382454542512455,
        "ENSG00000185272":0.3864531894320346,
        "ENSG00000185433":0.3898562216789357,
        "ENSG00000198743":0.3831056545045825,
        "ENSG00000198862":0.37949382487950784,
        "ENSG00000205726":0.486889078128606,
        "ENSG00000205758":0.41251132288563447,
        "ENSG00000205930":0.44976496278607175,
        "ENSG00000222042":0.4896339180148544,
        "ENSG00000223799":0.4892280071813286,
        "ENSG00000224905":0.45875917833127267,
        "ENSG00000226751":0.3942446043165468,
        "ENSG00000232855":0.38123528319405753,
        "ENSG00000234509":0.554858934169279,
        "ENSG00000234883":0.376159407936243,
        "ENSG00000237484":0.3965484377029831,
        "ENSG00000237594":0.6021897810218978,
        "ENSG00000237945":0.5040325551886765,
        "ENSG00000238197":0.45232560605968636,
        "ENSG00000241837":0.46201936354023443,
        "ENSG00000243646":0.47553983345062484,
        "ENSG00000243927":0.46067290183106546,
        "ENSG00000244676":0.4431279620853081,
        "ENSG00000256073":0.54632972322503,
        "ENSG00000273017":0.27876106194690264,
        "ENSG00000273102":0.4517766497461929,
        "ENSG00000273254":0.5345911949685535,
        "ENSG00000273271":0.3576923076923077,
        "ENSG00000274391":0.40848192088771895,
        "ENSG00000277282":0.546742209631728,
        "ENSG00000278932":0.5559671883206478,
        "ENSG00000280594":0.5498382924766113,
        "ENSG00000281903":0.29549248747913187
    },
    "gene_transcript_count_weighted_length":{
        "ENSG00000142149":7680.0,
        "ENSG00000142166":1941.4542222222221,
        "ENSG00000142168":1041.2716535433071,
        "ENSG00000142188":1669.7118353344767,
        "ENSG00000142192":2784.240522875817,
        "ENSG00000142207":10301.05,
        "ENSG00000154639":2180.25,
        "ENSG00000154640":1053.2592592592594,
        "ENSG00000154642":2153.3980582524273,
        "ENSG00000154645":2421.0,
        "ENSG00000154719":1073.9464285714287,
        "ENSG00000154721":2825.625,
        "ENSG00000154723":728.4017153453871,
        "ENSG00000154727":4593.388235294117,
        "ENSG00000155304":2520.0,
        "ENSG00000155307":2088.0374531835205,
        "ENSG00000155313":4078.6470588235293,
        "ENSG00000156239":3671.4347826086955,
        "ENSG00000156253":1749.7070707070707,
        "ENSG00000156256":2845.1323706377857,
        "ENSG00000156261":1338.9671478347436,
        "ENSG00000156265":1458.9816513761468,
        "ENSG00000156273":2430.1341463414633,
        "ENSG00000156299":5842.082089552238,
        "ENSG00000156304":3600.7350157728706,
        "ENSG00000159055":1508.0,
        "ENSG00000159079":1761.7434210526317,
        "ENSG00000159082":5366.4607843137255,
        "ENSG00000159086":2648.704,
        "ENSG00000159110":2202.3054545454547,
        "ENSG00000159128":1721.4894459102902,
        "ENSG00000159131":2142.834738617201,
        "ENSG00000159140":5645.118072289157,
        "ENSG00000159147":2003.6036036036037,
        "ENSG00000166265":3085.5,
        "ENSG00000166979":1599.5405405405406,
        "ENSG00000177692":1674.0,
        "ENSG00000180530":6932.979381443299,
        "ENSG00000184221":1876.3333333333333,
        "ENSG00000185272":1353.3333333333333,
        "ENSG00000185433":1138.8461538461538,
        "ENSG00000198743":11566.0,
        "ENSG00000198862":6501.335548172758,
        "ENSG00000205726":5095.869565217391,
        "ENSG00000205758":1335.0969162995596,
        "ENSG00000205930":2218.710144927536,
        "ENSG00000222042":824.5,
        "ENSG00000223799":2228.0,
        "ENSG00000224905":945.25,
        "ENSG00000226751":695.0,
        "ENSG00000232855":4885.666666666667,
        "ENSG00000234509":2233.0,
        "ENSG00000234883":1549.9305555555557,
        "ENSG00000237484":1274.1767676767677,
        "ENSG00000237594":822.0,
        "ENSG00000237945":4167.050632911392,
        "ENSG00000238197":3542.6875,
        "ENSG00000241837":1155.5480473892057,
        "ENSG00000243646":1520.7524271844661,
        "ENSG00000243927":1359.1358024691358,
        "ENSG00000244676":422.0,
        "ENSG00000256073":831.0,
        "ENSG00000273017":452.0,
        "ENSG00000273102":591.0,
        "ENSG00000273254":636.0,
        "ENSG00000273271":520.0,
        "ENSG00000274391":1891.5531914893618,
        "ENSG00000277282":353.0,
        "ENSG00000278932":442.0689655172414,
        "ENSG00000280594":1527.8181818181818,
        "ENSG00000281903":599.0
    }
}