PC,Proportion.Variance.Explained
1,0.032825203065070425
2,0.029038508862253575
3,0.028513708809215877
4,0.028311928417646834
5,0.02750391863071791
6,0.027115396907938252
7,0.0260475684434356
8,0.02557158435574312
9,0.02521720123168199
10,0.024238804049740603
